embedding_name,classifier,module_name,MCC,AUC-ROC
Word2vec(CBOW),RF,shell,0.875,0.982
Word2vec(CBOW),RF,command,0.844,0.968
Word2vec(CBOW),RF,set_fact,0.86,0.986
Word2vec(CBOW),RF,template,0.893,0.974
Word2vec(CBOW),RF,file,0.918,0.988
Word2vec(CBOW),RF,gather_facts,0.921,0.993
Word2vec(CBOW),RF,copy,0.845,0.961
Word2vec(CBOW),RF,service,0.92,0.995
Word2vec(CBOW),RF,debug,0.928,0.997
Word2vec(CBOW),RF,fail,0.924,0.988
Word2vec(CBOW),SVM,shell,0.944,0.985
Word2vec(CBOW),SVM,command,0.889,0.981
Word2vec(CBOW),SVM,set_fact,0.952,0.985
Word2vec(CBOW),SVM,template,0.954,0.984
Word2vec(CBOW),SVM,file,0.957,0.989
Word2vec(CBOW),SVM,gather_facts,0.948,0.95
Word2vec(CBOW),SVM,copy,0.974,0.975
Word2vec(CBOW),SVM,service,0.938,1
Word2vec(CBOW),SVM,debug,0.938,0.999
Word2vec(CBOW),SVM,fail,0.962,0.997
Word2vec(CBOW),XGBoost,shell,0.899,0.939
Word2vec(CBOW),XGBoost,command,0.862,0.928
Word2vec(CBOW),XGBoost,set_fact,0.928,0.939
Word2vec(CBOW),XGBoost,template,0.876,0.939
Word2vec(CBOW),XGBoost,file,0.935,0.959
Word2vec(CBOW),XGBoost,gather_facts,0.934,0.963
Word2vec(CBOW),XGBoost,copy,0.865,0.903
Word2vec(CBOW),XGBoost,service,0.911,0.933
Word2vec(CBOW),XGBoost,debug,0.907,0.964
Word2vec(CBOW),XGBoost,fail,0.911,0.95
Word2vec(CBOW),MLP,shell,0.913,0.982
Word2vec(CBOW),MLP,command,0.898,0.98
Word2vec(CBOW),MLP,set_fact,0.94,0.994
Word2vec(CBOW),MLP,template,0.925,0.992
Word2vec(CBOW),MLP,file,0.939,0.992
Word2vec(CBOW),MLP,gather_facts,0.947,0.982
Word2vec(CBOW),MLP,copy,0.936,0.992
Word2vec(CBOW),MLP,service,0.964,0.998
Word2vec(CBOW),MLP,debug,0.969,0.999
Word2vec(CBOW),MLP,fail,0.949,0.995
Word2vec(CBOW),CNN,shell,0.703,0.850490196
Word2vec(CBOW),CNN,command,0.517,0.75864486
Word2vec(CBOW),CNN,set_fact,0.539,0.768067227
Word2vec(CBOW),CNN,template,0.693,0.841662306
Word2vec(CBOW),CNN,file,0.774,0.887248488
Word2vec(CBOW),CNN,gather_facts,0.612,0.804968944
Word2vec(CBOW),CNN,copy,0.697,0.840172239
Word2vec(CBOW),CNN,service,0.715,0.855092593
Word2vec(CBOW),CNN,debug,0.699,0.844405408
Word2vec(CBOW),CNN,fail,0.387,0.684370988
Word2vec(CBOW),LSTM,shell,0.726,0.855616898
Word2vec(CBOW),LSTM,command,0.853,0.927310669
Word2vec(CBOW),LSTM,set_fact,0.652,0.813677221
Word2vec(CBOW),LSTM,template,0.877,0.938763751
Word2vec(CBOW),LSTM,file,0.896,0.947810302
Word2vec(CBOW),LSTM,gather_facts,0.697,0.844546178
Word2vec(CBOW),LSTM,copy,0.792,0.887232704
Word2vec(CBOW),LSTM,service,0.740,0.868421053
Word2vec(CBOW),LSTM,debug,0.546,0.764812447
Word2vec(CBOW),LSTM,fail,0.402,0.696106821
Word2vec(Skip-gram),RF,shell,0.867,0.982
Word2vec(Skip-gram),RF,command,0.82,0.968
Word2vec(Skip-gram),RF,set_fact,0.881,0.986
Word2vec(Skip-gram),RF,template,0.874,0.974
Word2vec(Skip-gram),RF,file,0.891,0.988
Word2vec(Skip-gram),RF,gather_facts,0.921,0.993
Word2vec(Skip-gram),RF,copy,0.82,0.961
Word2vec(Skip-gram),RF,service,0.929,0.995
Word2vec(Skip-gram),RF,debug,0.908,0.997
Word2vec(Skip-gram),RF,fail,0.888,0.988
Word2vec(Skip-gram),SVM,shell,0.929,0.985
Word2vec(Skip-gram),SVM,command,0.897,0.981
Word2vec(Skip-gram),SVM,set_fact,0.869,0.985
Word2vec(Skip-gram),SVM,template,0.917,0.984
Word2vec(Skip-gram),SVM,file,0.957,0.989
Word2vec(Skip-gram),SVM,gather_facts,0.91,0.95
Word2vec(Skip-gram),SVM,copy,0.828,0.975
Word2vec(Skip-gram),SVM,service,0.973,1
Word2vec(Skip-gram),SVM,debug,0.939,0.999
Word2vec(Skip-gram),SVM,fail,0.937,0.997
Word2vec(Skip-gram),XGBoost,shell,0.878,0.939
Word2vec(Skip-gram),XGBoost,command,0.856,0.928
Word2vec(Skip-gram),XGBoost,set_fact,0.876,0.939
Word2vec(Skip-gram),XGBoost,template,0.88,0.939
Word2vec(Skip-gram),XGBoost,file,0.919,0.959
Word2vec(Skip-gram),XGBoost,gather_facts,0.927,0.963
Word2vec(Skip-gram),XGBoost,copy,0.807,0.903
Word2vec(Skip-gram),XGBoost,service,0.876,0.933
Word2vec(Skip-gram),XGBoost,debug,0.928,0.964
Word2vec(Skip-gram),XGBoost,fail,0.899,0.95
Word2vec(Skip-gram),MLP,shell,0.892,0.974
Word2vec(Skip-gram),MLP,command,0.867,0.975
Word2vec(Skip-gram),MLP,set_fact,0.896,0.991
Word2vec(Skip-gram),MLP,template,0.912,0.981
Word2vec(Skip-gram),MLP,file,0.953,0.991
Word2vec(Skip-gram),MLP,gather_facts,0.909,0.978
Word2vec(Skip-gram),MLP,copy,0.89,0.977
Word2vec(Skip-gram),MLP,service,0.947,0.999
Word2vec(Skip-gram),MLP,debug,0.959,0.997
Word2vec(Skip-gram),MLP,fail,0.937,0.997
Word2vec(Skip-gram),CNN,shell,0.482791775,0.74151978
Word2vec(Skip-gram),CNN,command,0.483233265,0.740119243
Word2vec(Skip-gram),CNN,set_fact,0.531668625,0.764706357
Word2vec(Skip-gram),CNN,template,0.659247754,0.821452255
Word2vec(Skip-gram),CNN,file,0.799849024,0.900425015
Word2vec(Skip-gram),CNN,gather_facts,0.473907427,0.699689441
Word2vec(Skip-gram),CNN,copy,0.730426266,0.866227146
Word2vec(Skip-gram),CNN,service,0.814299001,0.901593902
Word2vec(Skip-gram),CNN,debug,0.45129556,0.724744246
Word2vec(Skip-gram),CNN,fail,0.658238394,0.827663671
Word2vec(Skip-gram),LSTM,shell,0.82,0.888715084
Word2vec(Skip-gram),LSTM,command,0.91,0.948315789
Word2vec(Skip-gram),LSTM,set_fact,0.96,0.896
Word2vec(Skip-gram),LSTM,template,0.95,0.974358974
Word2vec(Skip-gram),LSTM,file,0.9,0.924324324
Word2vec(Skip-gram),LSTM,gather_facts,0.92,0.867126437
Word2vec(Skip-gram),LSTM,copy,0.92,0.90989011
Word2vec(Skip-gram),LSTM,service,0.89,0.904751381
Word2vec(Skip-gram),LSTM,debug,0.92,0.782
Word2vec(Skip-gram),LSTM,fail,0.5,0.662162162
Doc2vec(PV-DBOW),RF,shell,0.67,0.92
Doc2vec(PV-DBOW),RF,command,0.584,0.882
Doc2vec(PV-DBOW),RF,set_fact,0.475,0.946
Doc2vec(PV-DBOW),RF,template,0.545,0.91
Doc2vec(PV-DBOW),RF,file,0.637,0.935
Doc2vec(PV-DBOW),RF,gather_facts,0.795,0.965
Doc2vec(PV-DBOW),RF,copy,0.566,0.956
Doc2vec(PV-DBOW),RF,service,0.613,0.932
Doc2vec(PV-DBOW),RF,debug,0.829,0.97
Doc2vec(PV-DBOW),RF,fail,0.482,0.918
Doc2vec(PV-DBOW),SVM,shell,0.691,0.938
Doc2vec(PV-DBOW),SVM,command,0.468,0.853
Doc2vec(PV-DBOW),SVM,set_fact,0.594,0.893
Doc2vec(PV-DBOW),SVM,template,0.561,0.898
Doc2vec(PV-DBOW),SVM,file,0.639,0.91
Doc2vec(PV-DBOW),SVM,gather_facts,0.868,0.972
Doc2vec(PV-DBOW),SVM,copy,0.665,0.909
Doc2vec(PV-DBOW),SVM,service,0.767,0.972
Doc2vec(PV-DBOW),SVM,debug,0.87,0.985
Doc2vec(PV-DBOW),SVM,fail,0.552,0.899
Doc2vec(PV-DBOW),XGBoost,shell,0.676,0.831
Doc2vec(PV-DBOW),XGBoost,command,0.564,0.779
Doc2vec(PV-DBOW),XGBoost,set_fact,0.63,0.815
Doc2vec(PV-DBOW),XGBoost,template,0.636,0.818
Doc2vec(PV-DBOW),XGBoost,file,0.718,0.859
Doc2vec(PV-DBOW),XGBoost,gather_facts,0.763,0.881
Doc2vec(PV-DBOW),XGBoost,copy,0.726,0.862
Doc2vec(PV-DBOW),XGBoost,service,0.7,0.852
Doc2vec(PV-DBOW),XGBoost,debug,0.846,0.923
Doc2vec(PV-DBOW),XGBoost,fail,0.599,0.799
Doc2vec(PV-DBOW),MLP,shell,0.717,0.881
Doc2vec(PV-DBOW),MLP,command,0.576,0.837
Doc2vec(PV-DBOW),MLP,set_fact,0.731,0.923
Doc2vec(PV-DBOW),MLP,template,0.706,0.928
Doc2vec(PV-DBOW),MLP,file,0.715,0.908
Doc2vec(PV-DBOW),MLP,gather_facts,0.927,0.981
Doc2vec(PV-DBOW),MLP,copy,0.781,0.936
Doc2vec(PV-DBOW),MLP,service,0.816,0.968
Doc2vec(PV-DBOW),MLP,debug,0.897,0.960
Doc2vec(PV-DBOW),MLP,fail,0.785,0.946
Doc2vec(PV-DBOW),CNN,shell,0.523839158,0.737843329
Doc2vec(PV-DBOW),CNN,command,0.544715253,0.77264239
Doc2vec(PV-DBOW),CNN,set_fact,0.650364676,0.821931963
Doc2vec(PV-DBOW),CNN,template,0.682335567,0.837048666
Doc2vec(PV-DBOW),CNN,file,0.678195269,0.839148936
Doc2vec(PV-DBOW),CNN,gather_facts,0.124518993,0.558441846
Doc2vec(PV-DBOW),CNN,copy,0.547466404,0.773629965
Doc2vec(PV-DBOW),CNN,service,0.829424739,0.91317734
Doc2vec(PV-DBOW),CNN,debug,0.459392159,0.71305511
Doc2vec(PV-DBOW),CNN,fail,0.591149248,0.791343669
Doc2vec(PV-DBOW),LSTM,shell,0.957912262,0.979088769
Doc2vec(PV-DBOW),LSTM,command,0.918225028,0.957860847
Doc2vec(PV-DBOW),LSTM,set_fact,0.799998632,0.893210956
Doc2vec(PV-DBOW),LSTM,template,0.891761103,0.94522663
Doc2vec(PV-DBOW),LSTM,file,0.862755291,0.929808638
Doc2vec(PV-DBOW),LSTM,gather_facts,0.123206751,0.54363354
Doc2vec(PV-DBOW),LSTM,copy,0.915439613,0.954996186
Doc2vec(PV-DBOW),LSTM,service,0.832979906,0.916666667
Doc2vec(PV-DBOW),LSTM,debug,0.792059495,0.898593074
Doc2vec(PV-DBOW),LSTM,fail,0.583699524,0.788671374
Doc2vec(PV-DM),RF,shell,0.852,0.989
Doc2vec(PV-DM),RF,command,0.817,0.988
Doc2vec(PV-DM),RF,set_fact,0.784,0.989
Doc2vec(PV-DM),RF,template,0.784,0.982
Doc2vec(PV-DM),RF,file,0.823,0.989
Doc2vec(PV-DM),RF,gather_facts,0.903,0.996
Doc2vec(PV-DM),RF,copy,0.742,0.973
Doc2vec(PV-DM),RF,service,0.736,0.984
Doc2vec(PV-DM),RF,debug,0.855,0.997
Doc2vec(PV-DM),RF,fail,0.792,0.984
Doc2vec(PV-DM),SVM,shell,0.951,0.989
Doc2vec(PV-DM),SVM,command,0.95,0.993
Doc2vec(PV-DM),SVM,set_fact,0.857,0.986
Doc2vec(PV-DM),SVM,template,0.889,0.987
Doc2vec(PV-DM),SVM,file,0.931,0.991
Doc2vec(PV-DM),SVM,gather_facts,0.896,0.991
Doc2vec(PV-DM),SVM,copy,0.854,0.976
Doc2vec(PV-DM),SVM,service,0.851,0.981
Doc2vec(PV-DM),SVM,debug,0.94,0.991
Doc2vec(PV-DM),SVM,fail,0.792,0.988
Doc2vec(PV-DM),XGBoost,shell,0.864,0.931
Doc2vec(PV-DM),XGBoost,command,0.835,0.918
Doc2vec(PV-DM),XGBoost,set_fact,0.841,0.921
Doc2vec(PV-DM),XGBoost,template,0.821,0.911
Doc2vec(PV-DM),XGBoost,file,0.866,0.933
Doc2vec(PV-DM),XGBoost,gather_facts,0.881,0.94
Doc2vec(PV-DM),XGBoost,copy,0.794,0.897
Doc2vec(PV-DM),XGBoost,service,0.843,0.925
Doc2vec(PV-DM),XGBoost,debug,0.959,0.979
Doc2vec(PV-DM),XGBoost,fail,0.799,0.898
Doc2vec(PV-DM),MLP,shell,0.963,0.992
Doc2vec(PV-DM),MLP,command,0.95,0.99
Doc2vec(PV-DM),MLP,set_fact,0.936,0.988
Doc2vec(PV-DM),MLP,template,0.925,0.985
Doc2vec(PV-DM),MLP,file,0.94,0.989
Doc2vec(PV-DM),MLP,gather_facts,0.935,0.993
Doc2vec(PV-DM),MLP,copy,0.93,0.986
Doc2vec(PV-DM),MLP,service,0.93,0.993
Doc2vec(PV-DM),MLP,debug,0.98,1
Doc2vec(PV-DM),MLP,fail,0.962,0.997
Doc2vec(PV-DM),CNN,shell,0.69753208,0.846455603
Doc2vec(PV-DM),CNN,command,0.619432154,0.809153944
Doc2vec(PV-DM),CNN,set_fact,0.655821558,0.826603728
Doc2vec(PV-DM),CNN,template,0.754187492,0.87385785
Doc2vec(PV-DM),CNN,file,0.636625075,0.79532385
Doc2vec(PV-DM),CNN,gather_facts,0.02359607,0.50401979
Doc2vec(PV-DM),CNN,copy,0.670170518,0.832514487
Doc2vec(PV-DM),CNN,service,0.596730176,0.792330792
Doc2vec(PV-DM),CNN,debug,0.402594677,0.701382979
Doc2vec(PV-DM),CNN,fail,0.734486153,0.863928113
Doc2vec(PV-DM),LSTM,shell,0.630023176,0.795294118
Doc2vec(PV-DM),LSTM,command,0.647931675,0.823979812
Doc2vec(PV-DM),LSTM,set_fact,0.36151701,0.680412371
Doc2vec(PV-DM),LSTM,template,0.593989599,0.770762121
Doc2vec(PV-DM),LSTM,file,0.828438016,0.911141988
Doc2vec(PV-DM),LSTM,gather_facts,0.174963553,0.584375
Doc2vec(PV-DM),LSTM,copy,0.589383768,0.790554284
Doc2vec(PV-DM),LSTM,service,0.763892987,0.881578947
Doc2vec(PV-DM),LSTM,debug,0.783235895,0.890929416
Doc2vec(PV-DM),LSTM,fail,0.266592791,0.632911392
FastText(CBOW),RF,shell,0.835,0.978
FastText(CBOW),RF,command,0.817,0.969
FastText(CBOW),RF,set_fact,0.802,0.975
FastText(CBOW),RF,template,0.846,0.976
FastText(CBOW),RF,file,0.918,0.99
FastText(CBOW),RF,gather_facts,0.928,0.994
FastText(CBOW),RF,copy,0.877,0.98
FastText(CBOW),RF,service,0.86,0.992
FastText(CBOW),RF,debug,0.948,0.998
FastText(CBOW),RF,fail,0.887,0.991
FastText(CBOW),SVM,shell,0.93,0.988
FastText(CBOW),SVM,command,0.9,0.982
FastText(CBOW),SVM,set_fact,0.94,0.997
FastText(CBOW),SVM,template,0.946,0.988
FastText(CBOW),SVM,file,0.939,0.992
FastText(CBOW),SVM,gather_facts,0.948,0.992
FastText(CBOW),SVM,copy,0.936,0.991
FastText(CBOW),SVM,service,0.974,0.997
FastText(CBOW),SVM,debug,0.96,0.999
FastText(CBOW),SVM,fail,0.975,0.997
FastText(CBOW),XGBoost,shell,0.901,0.95
FastText(CBOW),XGBoost,command,0.853,0.926
FastText(CBOW),XGBoost,set_fact,0.858,0.929
FastText(CBOW),XGBoost,template,0.904,0.952
FastText(CBOW),XGBoost,file,0.961,0.981
FastText(CBOW),XGBoost,gather_facts,0.934,0.967
FastText(CBOW),XGBoost,copy,0.929,0.965
FastText(CBOW),XGBoost,service,0.893,0.948
FastText(CBOW),XGBoost,debug,0.938,0.969
FastText(CBOW),XGBoost,fail,0.911,0.956
FastText(CBOW),MLP,shell,0.901,0.978
FastText(CBOW),MLP,command,0.891,0.983
FastText(CBOW),MLP,set_fact,0.94,0.996
FastText(CBOW),MLP,template,0.946,0.99
FastText(CBOW),MLP,file,0.944,0.991
FastText(CBOW),MLP,gather_facts,0.923,0.98
FastText(CBOW),MLP,copy,0.948,0.988
FastText(CBOW),MLP,service,0.938,0.996
FastText(CBOW),MLP,debug,0.949,0.999
FastText(CBOW),MLP,fail,0.975,0.996
FastText(CBOW),CNN,shell,0.616040898,0.807587445
FastText(CBOW),CNN,command,0.013415234,0.506706749
FastText(CBOW),CNN,set_fact,0.782942592,0.886764706
FastText(CBOW),CNN,template,0.869647236,0.934899563
FastText(CBOW),CNN,file,0.745025427,0.870337108
FastText(CBOW),CNN,gather_facts,0.297307744,0.609022057
FastText(CBOW),CNN,copy,0.851464256,0.926988349
FastText(CBOW),CNN,service,0.703227912,0.847685185
FastText(CBOW),CNN,debug,0.488163459,0.739468085
FastText(CBOW),CNN,fail,0.626292552,0.811854005
FastText(CBOW),LSTM,shell,0.96,0.969896907
FastText(CBOW),LSTM,command,0.408632,0.704571
FastText(CBOW),LSTM,set_fact,0.352643,0.638554
FastText(CBOW),LSTM,template,0.887181,0.940141
FastText(CBOW),LSTM,file,0.94,0.954764398
FastText(CBOW),LSTM,gather_facts,0.85,0.808024691
FastText(CBOW),LSTM,copy,0.8329,0.916101
FastText(CBOW),LSTM,service,0.741489,0.861324
FastText(CBOW),LSTM,debug,0.597616,0.790426
FastText(CBOW),LSTM,fail,0.338624,0.652878
FastText(Skip-gram),RF,shell,0.879,0.983
FastText(Skip-gram),RF,command,0.81,0.971
FastText(Skip-gram),RF,set_fact,0.912,0.989
FastText(Skip-gram),RF,template,0.871,0.973
FastText(Skip-gram),RF,file,0.865,0.984
FastText(Skip-gram),RF,gather_facts,0.901,0.99
FastText(Skip-gram),RF,copy,0.787,0.962
FastText(Skip-gram),RF,service,0.92,0.993
FastText(Skip-gram),RF,debug,0.959,0.997
FastText(Skip-gram),RF,fail,0.887,0.989
FastText(Skip-gram),SVM,shell,0.925,0.986
FastText(Skip-gram),SVM,command,0.883,0.98
FastText(Skip-gram),SVM,set_fact,0.932,0.994
FastText(Skip-gram),SVM,template,0.904,0.986
FastText(Skip-gram),SVM,file,0.944,0.988
FastText(Skip-gram),SVM,gather_facts,0.903,0.962
FastText(Skip-gram),SVM,copy,0.865,0.969
FastText(Skip-gram),SVM,service,0.982,1
FastText(Skip-gram),SVM,debug,0.94,0.999
FastText(Skip-gram),SVM,fail,0.924,0.995
FastText(Skip-gram),XGBoost,shell,0.911,0.955
FastText(Skip-gram),XGBoost,command,0.844,0.921
FastText(Skip-gram),XGBoost,set_fact,0.892,0.946
FastText(Skip-gram),XGBoost,template,0.885,0.941
FastText(Skip-gram),XGBoost,file,0.919,0.959
FastText(Skip-gram),XGBoost,gather_facts,0.921,0.96
FastText(Skip-gram),XGBoost,copy,0.852,0.926
FastText(Skip-gram),XGBoost,service,0.947,0.972
FastText(Skip-gram),XGBoost,debug,0.959,0.979
FastText(Skip-gram),XGBoost,fail,0.848,0.924
FastText(Skip-gram),MLP,shell,0.922,0.984
FastText(Skip-gram),MLP,command,0.844,0.979
FastText(Skip-gram),MLP,set_fact,0.904,0.991
FastText(Skip-gram),MLP,template,0.9,0.981
FastText(Skip-gram),MLP,file,0.944,0.988
FastText(Skip-gram),MLP,gather_facts,0.896,0.979
FastText(Skip-gram),MLP,copy,0.852,0.973
FastText(Skip-gram),MLP,service,0.965,0.999
FastText(Skip-gram),MLP,debug,0.94,0.999
FastText(Skip-gram),MLP,fail,0.899,0.993
FastText(Skip-gram),CNN,shell,0.477077645,0.737023072
FastText(Skip-gram),CNN,command,0.365759316,0.679974613
FastText(Skip-gram),CNN,set_fact,0.560387744,0.761506141
FastText(Skip-gram),CNN,template,0.7068094,0.85314551
FastText(Skip-gram),CNN,file,0.785361206,0.886449588
FastText(Skip-gram),CNN,gather_facts,0.799449228,0.897919979
FastText(Skip-gram),CNN,copy,0.643529787,0.811085973
FastText(Skip-gram),CNN,service,0.841507685,0.920753843
FastText(Skip-gram),CNN,debug,0.555645291,0.778311966
FastText(Skip-gram),CNN,fail,0.62291619,0.809455128
FastText(Skip-gram),LSTM,shell,0.95,0.959895833
FastText(Skip-gram),LSTM,command,0.95,0.944973545
FastText(Skip-gram),LSTM,set_fact,0.98,0.809820359
FastText(Skip-gram),LSTM,template,0.99,0.984974619
FastText(Skip-gram),LSTM,file,0.95,0.934759358
FastText(Skip-gram),LSTM,gather_facts,0.92,0.883615819
FastText(Skip-gram),LSTM,copy,0.9,0.90989011
FastText(Skip-gram),LSTM,service,0.95,0.897222222
FastText(Skip-gram),LSTM,debug,0.96,0.872727273
FastText(Skip-gram),LSTM,fail,0.88,0.864739884